{"cameraMode":{"drawMode":0,"name":"Shaded","section":"Shading Mode"},"sceneLighting":false,"audioPlay":false,"sceneViewState":{"showFog":true,"showMaterialUpdate":false,"showSkybox":true,"showFlares":true,"showImageEffects":true,"showParticleSystems":true},"in2DMode":false,"pivot":{"x":0.9930000305175781,"y":0.5500001907348633,"z":0.0},"rotation":{"x":-0.0005952408537268639,"y":0.9753869771957398,"z":-0.2204836755990982,"w":-0.0026329236570745708},"size":2.857896089553833,"orthographic":false}