{"cameraMode":{"drawMode":0,"name":"Shaded","section":"Shading Mode"},"sceneLighting":true,"audioPlay":false,"sceneViewState":{"showFog":true,"showMaterialUpdate":false,"showSkybox":true,"showFlares":true,"showImageEffects":true,"showParticleSystems":true},"in2DMode":false,"pivot":{"x":152.50987243652345,"y":-109.92388916015625,"z":277.39703369140627},"rotation":{"x":-0.17872002720832826,"y":-0.08195147663354874,"z":0.014942169189453125,"w":-0.9803672432899475},"size":1269.4991455078125,"orthographic":false}